{"current":{"color_body_bg":"#ffffff","color_borders":"#e5e5e5","color_primary":"#747474","color_button_primary_text":"#ffffff","color_secondary":"#bbbbbb","color_button_secondary_text":"#ffffff","color_body_text":"#333333","color_footer_social_link":"#bbbbbb","type_base_family":"'Avant Garde', Avantgarde, 'Century Gothic', CenturyGothic, 'AppleGothic', sans-serif","type_base_size":"12px","type_header_family":"'Avant Garde', Avantgarde, 'Century Gothic', CenturyGothic, 'AppleGothic', sans-serif","type_header_size":"32px","type_accent_family":"'Avant Garde', Avantgarde, 'Century Gothic', CenturyGothic, 'AppleGothic', sans-serif","type_accent_size":"16px","layout_width":"container-fluid","use_slider_homepage":true,"slider_d_width":"12","slider_tb_width":"12","use_slidebar_left":true,"slidebar_ld_width":"3","slidebar_ltb_width":"3","home_layout_sidebar_left":"[carousel_product_tab_col id=\"myid3\"  collection1=\"test-collection\" collection2=\"oppo\"  title=\"TAB COL\"]","mainc_d_width":"auto","mainc_tb_width":"auto","home_layout_content":"[nivoslider id=\"home-slider\"]\r\n\r\n[countdown_event id=\"myid5\"  collection=\"test-collection\"  time=\"2016\/12\/03 06:23:32\"  title=\"Black Friday\"] \r\n\r\n[carousel_product id=\"myid2\" collection=\"nokia\" cols=\"3\" title=\"BEST SELLER\"]\r\n\r\n[carousel_product_tab id=\"myid3\" collection1=\"test-collection\" title=\"SALE OFF\"] \r\n\r\n[carousel_product_tab_row id=\"myid4\"  collection1=\"test-collection\" collection2=\"oppo\"  title=\"TAB ROW\"]\r\n\r\n[blog handle=\"news\" id=\"blog-new\" title=\"Newslates\"]\r\n\r\n[testimonial id=\"my-testimonial\"]\r\n\r\n[brand id=\"brand-id\"]","use_slidebar_right":false,"slidebar_rd_width":"3","slidebar_rtb_width":"3","home_layout_sidebar_right":"[blog handle=\"news\" id=\"blog-new\" title=\"Newslates\"]\r\n\r\n[testimonial id=\"my-testimonial\"]\r\n\r\n[brand id=\"brand-id\"]","use_sidebar_l_slider":false,"sidebar_slider_l_d_width":"3","sidebar_slider_l_tb_width":"3","layout_sidebar_slider_left":"","content_slider_d_width":"auto","content_slider_tb_width":"auto","layout_content_slider":"[nivoslider id=\"home-slider\"]","use_sidebar_r_slider":false,"sidebar_slider_r_d_width":"3","sidebar_slider_r_tb_width":"3","layout_sidebar_slider_right":"","layout_bottom":"","footer_blog_enable":true,"footer_blog":"news","footer_quicklinks_enable":true,"footer_quicklinks_linklist":"main-menu","footer_second_menu_enable":true,"footer_second_menu":"footer","footer_social_enable":true,"footer_contact_enable":false,"footer_contact_text":"","footer_newsletter_enable":true,"newsletter_form_action":"","footer_show_methods_of_payment":false,"main_nav":"","show_footer_lines":false,"cart_notes_enable":true,"cart_vendor_enable":false,"ajax_cart_method":"drawer","menu_nav_choose":"main-menu","menu_sticky":true,"menu_use_animation":true,"menu_type_animation":"slideInUp","menu_number_lever":"4","menu_color_primary":"#777777","menu_color_primary_active":"#555555","menu_background_color":"#ffffff","menu_background_color_active":"#e7e7e7","menu_use_background_image":false,"menu_color_dropdown":"#ffffff","menu_color_dropdown_active":"#c7c7c8","menu_background_color_dropdown":"#ffffff","menu_background_color_dropdown_active":"#ffffff","menu_use_background_image_dropdown":false,"menu_font_google":"Poppins","menu_font_size":"14","menu_font_weight":"400","home_use_slider":true,"home_slider_effect":"random","home_slider_animSpeed":"500","home_slider_timeslide":"8000","home_slide_autoplay":true,"home_use_directionNav":true,"home_use_controlNavThumbs":false,"home_use_controlNav":false,"home_use_pauseOnHover":true,"type_caption_family":"Raleway","type_caption_size":"72px","text_weight_1":"100","caption_color":"#fff","type_text_family_1":"Poppins","type_text_size_1":"24px","text_weight_2":"100","scaption_1_color":"#fff","type_text_family_2":"Raleway","type_text_size_2":"24px","text_weight_3":"100","scaption_2_color":"#fff","type_button_family":"Raleway","type_button_size":"24px","text_weight_4":"100","sbutton_color":"#fff","home_slider_use_slide1":true,"slide1_title":"Slide 1 title","slide1_desc_1":"The description for the slide","slide1_desc_2":"The description for the slide","slide1_btn":"#","home_slider_use_slide2":true,"slide2_title":"Slide 2 title","slide2_desc_1":"The description for the slide","slide2_desc_2":"The description for the slide","slide2_btn":"","home_slider_use_slide3":false,"slide3_title":"Slide 3 title","slide3_desc_1":"The description for the slide","slide3_desc_2":"The description for the slide","slide3_btn":"","home_slider_use_slide4":false,"slide4_title":"Slide 4 title","slide4_desc_1":"The description for the slide","slide4_desc_2":"The description for the slide","slide4_btn":"","home_slider_use_slide5":false,"slide5_title":"Slide 5 title","slide5_desc_1":"The description for the slide","slide5_desc_2":"The description for the slide","slide5_btn":"","home_slider_use_slide6":false,"slide6_title":"Slide 6 title","slide6_desc_1":"The description for the slide","slide6_desc_2":"The description for the slide","slide6_btn":"","home_slider_use_slide7":false,"slide7_title":"Slide 7 title","slide7_desc_1":"The description for the slide","slide7_desc_2":"The description for the slide","slide7_btn":"","home_slider_use_slide8":false,"slide8_title":"Slide 8 title","slide8_desc_1":"The description for the slide","slide8_desc_2":"The description for the slide","slide8_btn":"","home_slider_use_slide9":false,"slide9_title":"Slide 9 title","slide9_desc_1":"The description for the slide","slide9_desc_2":"The description for the slide","slide9_btn":"","home_slider_use_slide10":false,"slide10_title":"Slide 10 title","slide10_desc_1":"The description for the slide","slide10_desc_2":"The description for the slide","slide10_btn":"","carousel_product_single_tab_title":"Settting Single Tab","carousel_product_single_tab_review":true,"carousel_product_single_tab_total":"20","carousel_product_single_tab_autoplay":false,"carousel_product_single_tab_navigation":true,"carousel_product_single_tab_pagination":true,"carousel_product_single_tab_speed":"3000","carousel_product_single_tab_items":"5","carousel_product_single_tab_itemsDesktop":"4","carousel_product_single_tab_itemsTablet":"2","carousel_product_single_tab_itemsMobile":"1","carousel_product_single_tab_row_title":"Single tab multi row","carousel_product_single_tab_row_review":true,"carousel_product_single_tab_row_num_row":"2","carousel_product_single_tab_row_total":"20","carousel_product_single_tab_row_autoplay":true,"carousel_product_single_tab_row_navigation":true,"carousel_product_single_tab_row_pagination":true,"carousel_product_single_tab_row_speed":"3000","carousel_product_single_tab_row_items":"4","carousel_product_single_tab_row_itemsDesktop":"4","carousel_product_single_tab_row_itemsTablet":"2","carousel_product_single_tab_row_itemsMobile":"1","carousel_product_Multi_tab_title":"Settting Multi Tab product","carousel_product_Multi_tab_review":true,"carousel_product_Multi_tab_total":"20","carousel_product_Multi_tab_autoplay":true,"carousel_product_Multi_tab_navigation":true,"carousel_product_Multi_tab_pagination":true,"carousel_product_Multi_tab_speed":"3000","carousel_product_Multi_tab_items":"4","carousel_product_Multi_tab_itemsDesktop":"4","carousel_product_Multi_tab_itemsTablet":"2","carousel_product_Multi_tab_itemsMobile":"1","carousel_product_Multi_tab_row_title":"Multi row","carousel_product_Multi_tab_row_review":true,"carousel_product_Multi_tab_num_row":"3","carousel_product_Multi_tab_row_total":"20","carousel_product_Multi_tab_row_autoplay":true,"carousel_product_Multi_tab_row_navigation":true,"carousel_product_Multi_tab_row_pagination":true,"carousel_product_Multi_tab_row_speed":"3000","carousel_product_Multi_tab_row_items":"4","carousel_product_Multi_tab_row_itemsDesktop":"4","carousel_product_Multi_tab_row_itemsTablet":"2","carousel_product_Multi_tab_row_itemsMobile":"1","carousel_product_Multi_tab_col_title":"Single colum","carousel_product_Multi_tab_col_review":true,"carousel_product_Multi_tab_num_col":"4","carousel_product_Multi_tab_col_total":"20","carousel_product_Multi_tab_col_autoplay":true,"carousel_product_Multi_tab_col_navigation":true,"carousel_product_Multi_tab_col_pagination":true,"carousel_product_Multi_tab_col_speed":"3000","brand_title":"Ours Brand","brand_autoplay":false,"brand_navigation":false,"brand_pagination":false,"brand_speed":"3000","brand_items":"5","brand_itemsDesktop":"4","brand_itemsTablet":"2","brand_itemsMobile":"1","brand_use_1":true,"brand_name_1":"","brand_link_1":"#","brand_use_2":true,"brand_name_2":"","brand_link_2":"#","brand_use_3":true,"brand_name_3":"","brand_link_3":"#","brand_use_4":false,"brand_name_4":"ABC","brand_link_4":"#","brand_use_5":false,"brand_name_5":"","brand_link_5":"","brand_use_6":false,"brand_name_6":"","brand_link_6":"","brand_use_7":false,"brand_name_7":"","brand_link_7":"","brand_use_8":false,"brand_name_8":"","brand_link_8":"","brand_use_9":false,"brand_name_9":"","brand_link_9":"","brand_use_10":false,"brand_name_10":"","brand_link_10":"","blog_home_title":"News Latest","blog_home_choose":"news","blog_items":"8","blog_home_autoplay":true,"blog_home_navigation":true,"blog_home_pagination":true,"blog_home_speed":"3000","blog_home_items":"3","blog_home_itemsDesktop":"3","blog_home_itemsTablet":"2","blog_home_itemsMobile":"1","testimonial_title":"WHAT OUR CLIENTS SAY","testimonial_box_use1":true,"testimonial_box_title1":"Product very nice","testimonial_box_name1":"David truong","testimonial_box_use_avatar1":true,"testimonial_box_content1":"Truncates a string down to 'x' characters, where x is the number passed as a parameter. An ellipsis (...) is appended to the string and is included in the character count.","testimonial_box_use2":true,"testimonial_box_title2":"Product very nice","testimonial_box_name2":"David truong","testimonial_box_use_avatar2":true,"testimonial_box_content2":"df, where x is the number passed as a dfeter. An ellipsis (...) is appended to the string and is included in the character count.","testimonial_box_use3":false,"testimonial_box_title3":"Product very nice","testimonial_box_name3":"David truong","testimonial_box_use_avatar3":false,"testimonial_box_content3":"","testimonial_box_use4":false,"testimonial_box_title4":"Product very nice","testimonial_box_name4":"David truong","testimonial_box_use_avatar4":false,"testimonial_box_content4":"","testimonial_box_use5":false,"testimonial_box_title5":"Product very nice","testimonial_box_name5":"David truong","testimonial_box_use_avatar5":false,"testimonial_box_content5":"","testimonial_autoplay":false,"testimonial_navigation":false,"testimonial_pagination":false,"testimonial_speed":"3000","event_countdown_title":"Black Friday","event_countdown_time":"2016\/05\/12 20:23:20","event_countdown_col":"1","event_countdown_autoplay":false,"event_countdown_navigation":true,"event_countdown_pagination":true,"event_countdown_speed":"3000","social_twitter_link":"https:\/\/twitter.com\/shopify","social_facebook_link":"https:\/\/www.facebook.com\/shopify","social_pinterest_link":"https:\/\/www.pinterest.com\/shopify","social_google_plus_link":"","social_instagram_link":"","social_tumblr_link":"","social_youtube_link":"","social_vimeo_link":"","social_fancy_link":"","social_rss_link":"","social_sharing_products":true,"social_sharing_blog":true,"social_sharing_count":true,"share_facebook":true,"share_twitter":true,"share_pinterest":true,"share_fancy":true,"share_google":true,"checkout_use_header_image":false,"checkout_logo":"","checkout_logo_position":"left","checkout_logo_size":"medium","checkout_use_body_background_image":false,"checkout_body_background_color":"#ffffff","checkout_input_background_color_mode":"white","checkout_use_sidebar_background_image":false,"checkout_sidebar_background_color":"#fafafa","checkout_heading_font":"Helvetica Neue","checkout_body_font":"Helvetica Neue","checkout_accent_color":"#1990c6","checkout_button_color":"#1990c6","checkout_error_color":"#ff6d6d","carousel_product_single_tab_collection":"","carousel_product_single_tab_row_collection":"","carousel_product_Multi_tab_collection1":"","carousel_product_Multi_tab_collection2":"","carousel_product_Multi_tab_collection3":"","carousel_product_Multi_tab_collection4":"","carousel_product_Multi_tab_collection5":"","carousel_product_Multi_tab_row_collection1":"","carousel_product_Multi_tab_row_collection2":"","carousel_product_Multi_tab_row_collection3":"frontpage","carousel_product_Multi_tab_row_collection4":"","carousel_product_Multi_tab_row_collection5":"","carousel_product_Multi_tab_col_collection1":"","carousel_product_Multi_tab_col_collection2":"frontpage","brand_dumyimage":true,"event_countdown_collection":"","home_layout_top":"[nivoslider id=\"home-slider\"]\r\n\r\n[countdown_event id=\"myid5\"  collection=\"test-collection\"  time=\"2016\/12\/03 06:23:32\"  title=\"Black Friday\"] \r\n\r\n\r\n[carousel_product id=\"myid2\" collection=\"nokia\" cols=\"3\" title=\"BEST SELLER\"]\r\n\r\n[carousel_product_tab id=\"myid3\" collection1=\"test-collection\" title=\"SALE OFF\"] \r\n\r\n\r\n\r\n[carousel_product_tab_row id=\"myid4\"  collection1=\"test-collection\" collection2=\"oppo\"  title=\"TAB ROW\"]","home_layout_sidebar":"[carousel_product_tab_col id=\"myid3\"  collection1=\"test-collection\" collection2=\"oppo\"  title=\"TAB COL\"]","home_layout_center":"[carousel_product_row id=\"myid\" collection=\"nokia\" title=\"Featured Product\"]","home_layout_bottom":"[blog handle=\"news\" id=\"blog-new\" title=\"Newslates\"]\r\n\r\n[testimonial id=\"my-testimonial\"]\r\n\r\n[brand id=\"brand-id\"]","home_slider_link2":"","home_slider2_caption":"","home_slider_link3":"http:\/\/google.vn","home_slider3_caption":"","home_slider_link4":"","home_slider4_caption":"","home_slider_link5":"","home_slider5_caption":"","home_slider_link6":"","home_slider6_caption":"","home_slider_link7":"","home_slider7_caption":"","home_slider_link8":"","home_slider8_caption":"","home_slider_link9":"","home_slider9_caption":"","home_slider_link10":"","home_slider10_caption":"","home_slider_link1":"","home_slider1_caption":"<div class=\"bannerSlideshow1\">\r\n<h2 class=\"title1\">Fabulous and flirty <\/h2>\r\n<ul>\r\n<li class=\"item1\">Up To 50% Off  <\/li>\r\n<\/ul>\r\n<div class=\"sea-more\">\r\n<a href=\"#\">SHOP NOW<\/a>\r\n<\/div>\r\n<\/div>","sidebar_main_l_order":"E1","content_main_order":"F1","sidebar_main_r_order":"G1","sidebar_slider_l_order":"B1","content_slider_order":"C1","sidebar_slider_r_order":"D1","bottom_order":"H1","home_content_order":"A-B-C-D-E-F-G-H-I-J","home_bottom_order":"A-B-C-D-E-F-G-H-I-J","color_footer_bg":"#f2f2f2","color_footer_text":"#636363","twittercard_handle":"","logo_use_image":true,"logo_max_width":"140","favicon_enable":false,"left_footerx":"","feature_productx":""},"presets":{"Default":{"ajax_cart_method":"drawer","cart_notes_enable":true,"color_body_bg":"#fff","color_body_text":"#333333","color_borders":"#e5e5e5","color_footer_bg":"#f2f2f2","color_footer_social_link":"#bbbbbb","color_footer_text":"#636363","color_primary":"#747474","color_secondary":"#bbb","favicon_enable":false,"footer_newsletter_enable":true,"footer_social_enable":true,"logo_use_image":false,"social_facebook_link":"","social_twitter_link":""},"test":{"color_primary":"#747474","color_secondary":"#bbb","color_borders":"#e5e5e5","color_body_bg":"#fff","color_body_text":"#333333","color_footer_bg":"#f2f2f2","color_footer_text":"#636363","color_footer_social_link":"#bbbbbb","logo_use_image":true,"favicon_enable":false,"footer_social_enable":true,"footer_newsletter_enable":true,"cart_notes_enable":true,"cart_vendor_enable":false,"ajax_cart_method":"drawer","menu_nav_choose":"main-menu","menu_sticky":true,"menu_use_animation":true,"menu_type_animation":"fadeInUp","menu_number_lever":"4","menu_color_primary":"#1f2630","menu_color_primary_active":"#c7c7c8","menu_background_color":"#ffffff","menu_background_color_active":"#204a80","menu_use_background_image":false,"menu_color_dropdown":"#ffffff","menu_color_dropdown_active":"#c7c7c8","menu_background_color_dropdown":"#ffffff","menu_background_color_dropdown_active":"#ffffff","menu_use_background_image_dropdown":true,"menu_font_google":"Tangerine","menu_font_weight":"900","home_use_slider":true,"home_slider_effect":"random","home_slide_autoplay":false,"home_use_directionNav":true,"home_use_controlNavThumbs":false,"home_use_controlNav":true,"home_use_pauseOnHover":true,"home_slider_use_slide1":true,"home_slider1_caption":"<h1> Your title 1<\/h1> <p> Your text content <\/p> <a href='http:\/\/yourlink.com\/abc'> Title link <\/a>","home_slider_use_slide2":true,"home_slider2_caption":"<h1> Title 2  <\/h1>\r\nA setting of type text is used for capturing short strings, such as <p>  URLs, social media usernames, sales banner text, etc.<\/p>","home_slider_use_slide3":true,"home_slider3_caption":"<h3>Lorem ispum  <\/h3>\r\n<p> A setting of type text is used for capturing short strings, such as URLs, social media usernames, sales banner text, etc. <\/p>","home_slider_use_slide4":false,"home_slider4_caption":"","home_slider_use_slide5":false,"home_slider5_caption":"","home_slider_use_slide6":false,"home_slider6_caption":"","home_slider_use_slide7":false,"home_slider7_caption":"","home_slider_use_slide8":false,"home_slider8_caption":"","home_slider_use_slide9":false,"home_slider9_caption":"","home_slider_use_slide10":false,"home_slider10_caption":"","carousel_product_single_tab_review":true,"carousel_product_single_tab_autoplay":false,"carousel_product_single_tab_navigation":true,"carousel_product_single_tab_pagination":true,"carousel_product_single_tab_row_review":true,"carousel_product_single_tab_row_num_row":"2","carousel_product_single_tab_row_autoplay":true,"carousel_product_single_tab_row_navigation":true,"carousel_product_single_tab_row_pagination":true,"carousel_product_Multi_tab_review":true,"carousel_product_Multi_tab_autoplay":true,"carousel_product_Multi_tab_navigation":true,"carousel_product_Multi_tab_pagination":true,"carousel_product_Multi_tab_row_review":true,"carousel_product_Multi_tab_num_row":"3","carousel_product_Multi_tab_row_autoplay":true,"carousel_product_Multi_tab_row_navigation":true,"carousel_product_Multi_tab_row_pagination":true,"carousel_product_Multi_tab_col_review":true,"carousel_product_Multi_tab_num_col":"4","carousel_product_Multi_tab_col_autoplay":true,"carousel_product_Multi_tab_col_navigation":true,"carousel_product_Multi_tab_col_pagination":true,"brand_dumyimage":true,"brand_autoplay":false,"brand_navigation":false,"brand_pagination":false,"blog_home_autoplay":true,"blog_home_navigation":true,"blog_home_pagination":true,"testimonial_box_use1":true,"testimonial_box_use_avatar1":true,"testimonial_box_content1":"Truncates a string down to 'x' characters, where x is the number passed as a parameter. An ellipsis (...) is appended to the string and is included in the character count.","testimonial_box_use2":true,"testimonial_box_use_avatar2":true,"testimonial_box_content2":"df, where x is the number passed as a dfeter. An ellipsis (...) is appended to the string and is included in the character count.","testimonial_box_use3":false,"testimonial_box_use_avatar3":false,"testimonial_box_content3":"","testimonial_box_use4":false,"testimonial_box_use_avatar4":false,"testimonial_box_content4":"","testimonial_box_use5":false,"testimonial_box_use_avatar5":false,"testimonial_box_content5":"","testimonial_autoplay":false,"testimonial_navigation":false,"testimonial_pagination":false,"event_countdown_col":"1","event_countdown_autoplay":false,"event_countdown_navigation":true,"event_countdown_pagination":true,"home_layout_top":"[nivoslider id=\"home-slider\"]\r\n\r\n[countdown_event id=\"myid5\"  collection=\"test-collection\"  time=\"2016\/12\/03 06:23:32\"  title=\"Black Friday\"] \r\n\r\n\r\n[carousel_product id=\"myid2\" collection=\"nokia\" title=\"BEST SELLER\"]\r\n\r\n[carousel_product_tab id=\"myid3\" collection1=\"test-collection\" title=\"SALE OFF\"] \r\n\r\n\r\n\r\n[carousel_product_tab_row id=\"myid4\"  collection1=\"test-collection\" collection2=\"oppo\"  title=\"TAB ROW\"]","home_layout_sidebar":"[carousel_product_tab_col id=\"myid3\"  collection1=\"test-collection\" collection2=\"oppo\"  title=\"TAB COL\"]","home_layout_center":"[carousel_product_row id=\"myid\" collection=\"nokia\" title=\"Featured Product\"]","home_layout_bottom":"[blog handle=\"news\" id=\"blog-new\" title=\"Newslates\"]\r\n\r\n[testimonial id=\"my-testimonial\"]\r\n\r\n[brand id=\"brand-id\"]","checkout_use_header_image":false,"checkout_logo":"","checkout_logo_position":"left","checkout_logo_size":"medium","checkout_use_body_background_image":false,"checkout_body_background_color":"#fff","checkout_input_background_color_mode":"white","checkout_use_sidebar_background_image":false,"checkout_sidebar_background_color":"#fafafa","checkout_heading_font":"Helvetica Neue","checkout_body_font":"Helvetica Neue","checkout_accent_color":"#1990C6","checkout_button_color":"#1990C6","checkout_error_color":"#ff6d6d"}}}